-- phpMyAdmin SQL Dump
-- version 4.9.5deb2
-- https://www.phpmyadmin.net/
--
-- Host: localhost:3306
-- Generation Time: Dec 28, 2020 at 01:06 AM
-- Server version: 10.3.25-MariaDB-0ubuntu0.20.04.1
-- PHP Version: 7.4.3

SET SQL_MODE = "NO_AUTO_VALUE_ON_ZERO";
SET AUTOCOMMIT = 0;
START TRANSACTION;
SET time_zone = "+00:00";


/*!40101 SET @OLD_CHARACTER_SET_CLIENT=@@CHARACTER_SET_CLIENT */;
/*!40101 SET @OLD_CHARACTER_SET_RESULTS=@@CHARACTER_SET_RESULTS */;
/*!40101 SET @OLD_COLLATION_CONNECTION=@@COLLATION_CONNECTION */;
/*!40101 SET NAMES utf8mb4 */;

--
-- Database: `youngAdventurers`
--

-- --------------------------------------------------------

--
-- Table structure for table `activities`
--

CREATE TABLE `activities` (
  `activity_id` int(11) NOT NULL,
  `blog_id` int(11) NOT NULL,
  `activity` varchar(250) NOT NULL,
  `activity_level` varchar(250) NOT NULL
) ENGINE=InnoDB DEFAULT CHARSET=utf8mb4;

--
-- Dumping data for table `activities`
--

INSERT INTO `activities` (`activity_id`, `blog_id`, `activity`, `activity_level`) VALUES
(65, 10, ' Swimming ', 'intermediate'),
(66, 10, '  Biking ', 'For all ages'),
(67, 10, '  Shopping  ', 'For all ages'),
(68, 10, 'Museums Visit ', 'For all ages'),
(69, 11, '  ', ''),
(70, 11, '  ', ''),
(71, 11, '  ', ''),
(72, 11, '  ', ''),
(73, 12, '', ''),
(74, 12, '', ''),
(75, 12, '', ''),
(76, 12, '', ''),
(77, 13, '  ', ''),
(78, 13, '  ', ''),
(79, 13, '  ', ''),
(80, 13, '  ', ''),
(81, 14, '', ''),
(82, 14, '', ''),
(83, 14, '', ''),
(84, 14, '', ''),
(85, 15, '', ''),
(86, 15, '', ''),
(87, 15, '', ''),
(88, 15, '', ''),
(89, 16, '', ''),
(90, 16, '', ''),
(91, 16, '', ''),
(92, 16, '', ''),
(93, 17, ' ', ''),
(94, 17, ' ', ''),
(95, 17, ' ', ''),
(96, 17, ' ', ''),
(97, 18, '', ''),
(98, 18, '', ''),
(99, 18, '', ''),
(100, 18, '', ''),
(105, 20, '', ''),
(106, 20, '', ''),
(107, 20, '', ''),
(108, 20, '', ''),
(109, 21, '', ''),
(110, 21, '', ''),
(111, 21, '', ''),
(112, 21, '', ''),
(113, 22, '  Hiking', 'Medium'),
(114, 22, '  camping', 'Hard'),
(115, 22, '  ', ''),
(116, 22, '  ', ''),
(117, 23, '', ''),
(118, 23, '', ''),
(119, 23, '', ''),
(120, 23, '', '');

-- --------------------------------------------------------

--
-- Table structure for table `admins`
--

CREATE TABLE `admins` (
  `admin_id` int(11) NOT NULL,
  `email` varchar(100) NOT NULL,
  `password` varchar(16) NOT NULL
) ENGINE=InnoDB DEFAULT CHARSET=utf8mb4;

--
-- Dumping data for table `admins`
--

INSERT INTO `admins` (`admin_id`, `email`, `password`) VALUES
(1, 'farah@gmail.com', '12345');

-- --------------------------------------------------------

--
-- Table structure for table `blogs`
--

CREATE TABLE `blogs` (
  `blog_id` int(11) NOT NULL,
  `blog_name` varchar(100) NOT NULL,
  `image_path` varchar(500) DEFAULT NULL,
  `rating` float NOT NULL,
  `map_links` varchar(1000) NOT NULL,
  `content` blob NOT NULL
) ENGINE=InnoDB DEFAULT CHARSET=utf8mb4;

--
-- Dumping data for table `blogs`
--

INSERT INTO `blogs` (`blog_id`, `blog_name`, `image_path`, `rating`, `map_links`, `content`) VALUES
(10, 'Beirut', 'img/132624695_2901726773443488_1569812006326488659_o.jpg', 5, 'https://www.google.com/maps?q=beirut&um=1&ie=UTF-8&sa=X&ved=2ahUKEwimx7z-iJftAhUtSBUIHal8DgUQ_AUoAXoECA0QAw&output=embaded', 0x5048412b44516f674943416749434167494341674943416749434167494341384c33412b504841676333523562475539496e526c65485174595778705a32343649474e6c626e526c636a7367496a346d626d4a7a63447338596a343861543438645434385a6d39756443427a6158706c505349334969426a62327876636a306949325a6d4d4441774d43492b324b6a5a6974697832596a59716a77765a6d3975644434384c33552b50433970506a7776596a34384c33412b5048412b516d5670636e563049476c7a494739755a5342765a694230614755676232786b5a584e3049474e7064476c6c637942706269424d5a574a68626d39754c69424a6443426f59584d67596d566c6269427659324e3163476c6c5a4342696553426b61575a6d5a584a6c626e516759335673644856795a584d6762335a6c63694230614755676347467a644341336447676759325675644856796553346763335268636e5270626d636764326c30614342306147556d626d4a7a634473384c33412b5048412b554768765a57357059326c686269647a4947396a593356775958527062323467644738676247467a6443427659324e3163476c6c5a43426965534247636d4675593255676147467a4947786c5a6e51676158516764326c3061434274595735354948527664584a706333527059794268626d516761476c7a6447397961574e68624342776247466a5a584d7550433977506a7877506b4a6c6157356e49477876593246305a575167623234676447686c4947316c5a476c305a584a795957356c5957346763325668494731685a475567615851676232356c4947396d4948526f5a5342695a584e3049474e7664573530636d6c6c6379426d6233496764473931636d6c7a6253346756326835494735766444386d626d4a7a634473676158516761584d675953426a6158523549475a316247776762325967624739325a534268626d516762476c6d5a5334675632467361326c755a7942706269427064484d676232786b49484e30636d566c64484d7349486c766453426a595734676332566c4948526f5a5342695a57463164486b676232596763484a6c646d6c7664584d67626d463061573975637934675157787a627977676557393149474e686269427a5a5755676447686c49474a6c5958563061575a316243427a63476c7961585167623259676158527a4948426c623342735a53346d626d4a7a634473384c33412b5048412b535734676447686c49473176636d3570626d63676557393149474e686269427a5a5755676447686c49484e30636d566c64484d675a6e5673624342765a694230636d466d5a6d6c6a4947467362434268636d5567636e5675626d6c755a79423062794230614756706369427162324a7a4c694242644342756157646f644377676557393149474e686269427a5a5755676447686c49486c766457356e49484e766457787a49476c754948526f5a53427a64484a6c5a58527a4948527649476868646d5567595342695a57463164476c6d64577767626d6c6e6148527361575a6c49476c754945646c625731686558706c494746755a43424e59584a746132686c6157777550474a79506a7776634434386344355a6233556759324675626d393049474a3164434230636e6b67544756695957356c633255675a6d39765a433467526e4a766253424e59573568636d456764473867636d39315932686c494852764945686862584a68494746755a4342486557317459586c365a5377675957787349475a31624777676232596764484a685a476c306157397559577767636d567a64474631636d467564484d7549456868646d6c755a79423061475538596a346750433969506a786d6232353049474e76624739795053496a5a6d5a684e544177496a3438596a354d5a574a68626d567a5a53427a6147463359584a74595342336158526f4947563464484a684948527662547776596a34675043396d62323530506d6c7a49484e766257563061476c755a794235623355675a4739754a33516764324675644342306279427461584e7a4c69424a626942685a47527064476c766269423062794230614755675a6d46746233567a49485268596d4a766457786c61434268626d5167614739746257397a494746755a43427962336367625756686443776764326c73624342735a5746325a5342356233556764326c3061434268494852686333526c49486c7664534233615778734947356c646d567949475a76636d646c64433438596e492b50433977506a7877506c6c766453426a59573467616d3970626942306233567961584e3061574d6764473931636e4d6761573467516d5670636e56304948527649484e6c5a53423061475567515777675157316c5a5734675457397a6358566c4c434230614755675458567a5a5856744947396d49454a6c61584a31644377675957356b49473168626e6b676233526f5a58496761476c7a6447397961574e68624342776247466a5a584d754a6d35696333413750474a79506a777663443438634435435a576c755a7942306147556761475668636e51676232596754475669595735766269426f59584d676257466b5a5342435a576c79645851675a6e5673624342765a69426964576c735a476c755a334d675957356b4948426c623342735a537767596e56304948526f595851675a476c6b626964304947786c59585a6c4947686c636942336158526f4947357649473568644856795a5334675757393149474e686269427a634756755a4342684948646f6232786c4947526865534268644341385a6d39756443426a62327876636a3069497a41774f4441774d43492b5347397963326767516d5670636e56305043396d62323530506977676232356c4947396d4948526f5a5342695a57463164476c6d645777675a334a6c5a57346759584a6c59584d676557393149486470624777676332566c4c69424262484e764c434235623355675932467549485a7063326c304948526f5a54786d6232353049474e76624739795053496a4d4441344d444177496a346755324675626e6c685953426e59584a6b5a5734675043396d62323530506e64706447676765573931636942726157527a494746755a43426c626d7076655342306147556763336470626d647a494746755a43427a5957356b4c6a7869636a34384c33412b5048412b50475a76626e5167593239736233493949694e6d5a6a41774d444169506b4a6c61584a3164434270637942686269426c6548426c636d6c6c626d4e6c4948526f59585167655739314948647062477767643246756443423062794230636e6b675957356b49477870646d55675a585a6c636e6b675a4746354c69426a6232316c49485a7063326c3049476c304c434268626d5167655739314948647062477767633356795a57783549473176646d556764473867615851674f696b6d626d4a7a634473674a6d356963334137494477765a6d39756444346d626d4a7a63447338596e492b50433977506a786b6158592b50474a79506a77765a476c32506a786b6158592b50474a79506a77765a476c3250694167494341674943416749434167494341674943416749447877506a777663443467494341674943416749434167494341674943416749434138634434384c33412b),
(11, 'Saida', 'img/saida.jpg', 4, 'https://www.google.com/maps?q=beirut&um=1&ie=UTF-8&sa=X&ved=2ahUKEwimx7z-iJftAhUtSBUIHal8DgUQ_AUoAXoECA0QAw&output=embaded', 0x5048412b44516f674943416749434167494341674943416749434167494341384c33412b5048412b44516f6749434167494341674943416749434167494341674943426d4943416749434167494341674943416749434167494341675043397750694167494341674943416749434167494341674943416749447877506a77766344343d),
(12, 'Tyre', 'img/132646202_2901728363443329_1021993041761062532_o.jpg', 3, 'https://www.google.com/maps?q=beirut&um=1&ie=UTF-8&sa=X&ved=2ahUKEwimx7z-iJftAhUtSBUIHal8DgUQ_AUoAXoECA0QAw&output=embaded', 0x5a673d3d),
(13, 'Baalbek', 'img/download.jpeg', 3, 'https://www.google.com/maps?q=beirut&um=1&ie=UTF-8&sa=X&ved=2ahUKEwimx7z-iJftAhUtSBUIHal8DgUQ_AUoAXoECA0QAw&output=embaded', 0x5048412b44516f674943416749434167494341674943416749434167494341384c33412b5048412b44516f6749434167494341674943416749434167494341674943426d4943416749434167494341674943416749434167494341675043397750694167494341674943416749434167494341674943416749447877506a77766344343d),
(14, 'Tripoly', 'img/132787052_2901727900110042_8519094551663795077_o.jpg', 2, 'https://www.google.com/maps?q=beirut&um=1&ie=UTF-8&sa=X&ved=2ahUKEwimx7z-iJftAhUtSBUIHal8DgUQ_AUoAXoECA0QAw&output=embaded', 0x59673d3d),
(15, 'Byblos', 'img/byblos-boats-port-tb-salutliban-hellolebanon-by-3-20-2020-7-40-25-pm-m.jpg', 2, 'https://www.google.com/maps?q=beirut&um=1&ie=UTF-8&sa=X&ved=2ahUKEwimx7z-iJftAhUtSBUIHal8DgUQ_AUoAXoECA0QAw&output=embaded', 0x62673d3d),
(16, 'Jounieh', 'img/images.jpeg', 1, 'https://www.google.com/maps?q=beirut&um=1&ie=UTF-8&sa=X&ved=2ahUKEwimx7z-iJftAhUtSBUIHal8DgUQ_AUoAXoECA0QAw&output=embaded', 0x59673d3d),
(17, 'Bsharri', 'img/132620080_2901728770109955_3985121062674938737_o.jpg', 4, 'https://www.google.com/maps?q=beirut&um=1&ie=UTF-8&sa=X&ved=2ahUKEwimx7z-iJftAhUtSBUIHal8DgUQ_AUoAXoECA0QAw&output=embaded', 0x5048412b44516f674943416749434167494341674943416749434167494342694943416749434167494341674943416749434167494341675043397750673d3d),
(18, 'Aly', 'img/11.jpg', 2, 'https://www.google.com/maps?q=beirut&um=1&ie=UTF-8&sa=X&ved=2ahUKEwimx7z-iJftAhUtSBUIHal8DgUQ_AUoAXoECA0QAw&output=embaded', 0x4a6d35696333413762673d3d),
(20, 'Jezzine', 'img/6.jpg', 4, 'https://www.google.com/maps?q=beirut&um=1&ie=UTF-8&sa=X&ved=2ahUKEwimx7z-iJftAhUtSBUIHal8DgUQ_AUoAXoECA0QAw&output=embaded', 0x62673d3d),
(21, 'Sahel Al bekaa', 'img/5.jpg', 1, 'https://www.google.com/maps?q=beirut&um=1&ie=UTF-8&sa=X&ved=2ahUKEwimx7z-iJftAhUtSBUIHal8DgUQ_AUoAXoECA0QAw&output=embaded', 0x62673d3d),
(22, 'Jabal Sanine', 'img/j.jpg', 5, 'https://www.google.com/maps?q=beirut&um=1&ie=UTF-8&sa=X&ved=2ahUKEwimx7z-iJftAhUtSBUIHal8DgUQ_AUoAXoECA0QAw&output=embaded', 0x50484e77595734676333523562475539496d5a76626e51745a6d4674615778354f69416d63585676644474506347567549464e68626e4d6d635856766444737349454679615746734c43427a5957357a4c584e6c636d6c6d4f79426d623235304c584e70656d553649444530634867374948526c65485174595778705a32343649477031633352705a6e6b37496a3469543234676447686c494739306147567949476868626d51734948646c4947526c626d3931626d4e6c4948647064476767636d6c6e6148526c6233567a49476c755a476c6e626d463061573975494746755a43426b61584e736157746c4947316c626942336147386759584a6c49484e7649474a6c5a3356706247566b494746755a43426b5a573176636d46736158706c5a434269655342306147556759326868636d317a4947396d494842735a57467a64584a6c4947396d4948526f5a5342746232316c626e517349484e7649474a736157356b5a575167596e6b675a47567a61584a6c4c434230614746304948526f5a586b6759324675626d393049475a76636d567a5a5755676447686c49484268615734675957356b4948527962335669624755676447686864434268636d5567596d3931626d5167644738675a57357a64575537494746755a43426c6358566862434269624746745a5342695a577876626d647a494852764948526f62334e6c4948646f6279426d59576c7349476c754948526f5a576c794947523164486b67644768796233566e614342335a574672626d567a637942765a694233615778734c43423361476c6a614342706379423061475567633246745a5342686379427a59586c70626d6367644768796233566e6143427a61484a70626d7470626d63675a6e4a766253423062326c73494746755a43427759576c754c6942556147567a5a53426a59584e6c63794268636d5567634756795a6d566a6447783549484e70625842735a534268626d51675a57467a655342306279426b61584e306157356e64576c7a61433467535734675953426d636d566c49476876645849734948646f5a5734676233567949484276643256794947396d49474e6f62326c6a5a53427063794231626e5279595731745a5778735a5751675957356b4948646f5a573467626d393061476c755a794277636d56325a5735306379427664584967596d5670626d636759574a735a5342306279426b62794233614746304948646c4947787061325567596d567a644377675a585a6c636e6b676347786c59584e31636d556761584d6764473867596d556764325673593239745a5751675957356b494756325a584a35494842686157346759585a766157526c5a433467516e563049476c7549474e6c636e52686157346759326c795933567463335268626d4e6c63794268626d516762336470626d6367644738676447686c49474e7359576c74637942765a69426b64585235494739794948526f5a534276596d78705a32463061573975637942765a69426964584e70626d567a63794270644342336157787349475a795a5846315a57353062486b6762324e6a64584967644768686443427762475668633356795a584d67614746325a534230627942695a5342795a5842315a476c686447566b494746755a434268626d3576655746755932567a4947466a593256776447566b4c6942556147556764326c7a5a534274595734676447686c636d566d62334a6c49474673643246356379426f6232786b63794270626942306147567a5a534274595852305a584a7a494852764948526f61584d6763484a70626d4e706347786c4947396d49484e6c6247566a64476c76626a6f6761475567636d56715a574e306379427762475668633356795a584d67644738676332566a64584a6c4947393061475679494764795a5746305a5849676347786c59584e31636d567a4c4342766369426c62484e6c4947686c494756755a4856795a584d6763474670626e4d676447386759585a7661575167643239796332556763474670626e4d75496a777663334268626a34385a476c32506a787a6347467549484e306557786c50534a6d623235304c575a6862576c7365546f674a6e4631623351375433426c626942545957357a4a6e4631623351374c434242636d6c6862437767633246756379317a5a584a705a6a73675a6d39756443317a6158706c4f6941784e4842344f7942305a5868304c574673615764754f69427164584e3061575a354f79492b496b39754948526f5a5342766447686c6369426f5957356b4c4342335a53426b5a5735766457356a5a5342336158526f49484a705a3268305a57393163794270626d52705a32356864476c7662694268626d51675a476c7a62476c725a5342745a57346764326876494746795a53427a627942695a5764316157786c5a434268626d51675a47567462334a6862476c365a575167596e6b676447686c49474e6f59584a74637942765a69427762475668633356795a5342765a69423061475567625739745a5735304c43427a6279426962476c755a47566b49474a354947526c63326c795a53776764476868644342306147563549474e68626d35766443426d62334a6c6332566c4948526f5a53427759576c75494746755a434230636d3931596d786c4948526f5958516759584a6c49474a766457356b49485276494756756333566c4f794268626d51675a58463159577767596d786862575567596d56736232356e63794230627942306147397a5a534233614738675a6d46706243427062694230614756706369426b645852354948526f636d39315a326767643256686132356c63334d676232596764326c7362437767643268705932676761584d676447686c49484e686257556759584d67633246356157356e4948526f636d39315a32676763326879615735726157356e49475a79623230676447397062434268626d516763474670626934675647686c633255675932467a5a584d6759584a6c4948426c636d5a6c593352736553427a61573177624755675957356b4947566863336b67644738675a476c7a64476c755a3356706332677549456c75494745675a6e4a6c5a53426f623356794c4342336147567549473931636942776233646c636942765a69426a614739705932556761584d6764573530636d4674625756736247566b494746755a434233614756754947357664476870626d636763484a6c646d567564484d676233567949474a6c6157356e4947466962475567644738675a47386764326868644342335a5342736157746c49474a6c63335173494756325a584a35494842735a57467a64584a6c49476c7a4948527649474a6c4948646c62474e766257566b494746755a43426c646d56796553427759576c754947463262326c6b5a57517549454a31644342706269426a5a584a3059576c7549474e70636d4e3162584e305957356a5a584d675957356b494739336157356e494852764948526f5a53426a6247467062584d67623259675a48563065534276636942306147556762324a736157646864476c76626e4d6762325967596e567a6157356c63334d676158516764326c736243426d636d567864575675644778354947396a593356794948526f595851676347786c59584e31636d567a49476868646d556764473867596d5567636d5677645752705958526c5a434268626d51675957357562336c68626d4e6c6379426859324e6c6348526c5a4334675647686c4948647063325567625746754948526f5a584a6c5a6d39795a5342686248646865584d67614739735a484d67615734676447686c633255676257463064475679637942306279423061476c7a494842796157356a615842735a5342765a69427a5a57786c59335270623234364947686c49484a6c616d566a64484d676347786c59584e31636d567a4948527649484e6c593356795a5342766447686c6369426e636d566864475679494842735a57467a64584a6c63797767623349675a57787a5a53426f5a53426c626d5231636d567a494842686157357a494852764947463262326c6b49486476636e4e6c494842686157357a4c6949384c334e775957342b50484e77595734676333523562475539496d5a76626e51745a6d4674615778354f69416d63585676644474506347567549464e68626e4d6d635856766444737349454679615746734c43427a5957357a4c584e6c636d6c6d4f79426d623235304c584e70656d553649444530634867374948526c65485174595778705a32343649477031633352705a6e6b37496a3438596e492b5043397a63474675506a77765a476c32506a786b6158592b50484e77595734676333523562475539496d5a76626e51745a6d4674615778354f69416d63585676644474506347567549464e68626e4d6d635856766444737349454679615746734c43427a5957357a4c584e6c636d6c6d4f79426d623235304c584e70656d553649444530634867374948526c65485174595778705a32343649477031633352705a6e6b37496a3469543234676447686c494739306147567949476868626d51734948646c4947526c626d3931626d4e6c4948647064476767636d6c6e6148526c6233567a49476c755a476c6e626d463061573975494746755a43426b61584e736157746c4947316c626942336147386759584a6c49484e7649474a6c5a3356706247566b494746755a43426b5a573176636d46736158706c5a434269655342306147556759326868636d317a4947396d494842735a57467a64584a6c4947396d4948526f5a5342746232316c626e517349484e7649474a736157356b5a575167596e6b675a47567a61584a6c4c434230614746304948526f5a586b6759324675626d393049475a76636d567a5a5755676447686c49484268615734675957356b4948527962335669624755676447686864434268636d5567596d3931626d5167644738675a57357a64575537494746755a43426c6358566862434269624746745a5342695a577876626d647a494852764948526f62334e6c4948646f6279426d59576c7349476c754948526f5a576c794947523164486b67644768796233566e614342335a574672626d567a637942765a694233615778734c43423361476c6a614342706379423061475567633246745a5342686379427a59586c70626d6367644768796233566e6143427a61484a70626d7470626d63675a6e4a766253423062326c73494746755a43427759576c754c6942556147567a5a53426a59584e6c63794268636d5567634756795a6d566a6447783549484e70625842735a534268626d51675a57467a655342306279426b61584e306157356e64576c7a61433467535734675953426d636d566c49476876645849734948646f5a5734676233567949484276643256794947396d49474e6f62326c6a5a53427063794231626e5279595731745a5778735a5751675957356b4948646f5a573467626d393061476c755a794277636d56325a5735306379427664584967596d5670626d636759574a735a5342306279426b62794233614746304948646c4947787061325567596d567a644377675a585a6c636e6b676347786c59584e31636d556761584d6764473867596d556764325673593239745a5751675957356b494756325a584a35494842686157346759585a766157526c5a433467516e563049476c7549474e6c636e52686157346759326c795933567463335268626d4e6c63794268626d516762336470626d6367644738676447686c49474e7359576c74637942765a69426b64585235494739794948526f5a534276596d78705a32463061573975637942765a69426964584e70626d567a63794270644342336157787349475a795a5846315a57353062486b6762324e6a64584967644768686443427762475668633356795a584d67614746325a534230627942695a5342795a5842315a476c686447566b494746755a434268626d3576655746755932567a4947466a593256776447566b4c6942556147556764326c7a5a534274595734676447686c636d566d62334a6c49474673643246356379426f6232786b63794270626942306147567a5a534274595852305a584a7a494852764948526f61584d6763484a70626d4e706347786c4947396d49484e6c6247566a64476c76626a6f6761475567636d56715a574e306379427762475668633356795a584d67644738676332566a64584a6c4947393061475679494764795a5746305a5849676347786c59584e31636d567a4c4342766369426c62484e6c4947686c494756755a4856795a584d6763474670626e4d676447386759585a7661575167643239796332556763474670626e4d75496a777663334268626a3438633342686269427a64486c735a5430695a6d39756443316d5957317062486b3649435a78645739304f3039775a5734675532467563795a78645739304f79776751584a705957777349484e68626e4d74633256796157593749475a76626e517463326c365a546f674d54527765447367644756346443316862476c6e626a6f67616e567a64476c6d65547369506a7869636a34384c334e775957342b5043396b6158592b),
(23, 'Chouf', 'img/bbbbb.jpg', 2, 'https://www.google.com/maps?q=beirut&um=1&ie=UTF-8&sa=X&ved=2ahUKEwimx7z-iJftAhUtSBUIHal8DgUQ_AUoAXoECA0QAw&output=embaded', 0x5a673d3d);

-- --------------------------------------------------------

--
-- Table structure for table `blog_images`
--

CREATE TABLE `blog_images` (
  `id` int(11) NOT NULL,
  `blog_id` int(11) NOT NULL,
  `image_path` varchar(500) NOT NULL
) ENGINE=InnoDB DEFAULT CHARSET=utf8mb4;

--
-- Dumping data for table `blog_images`
--

INSERT INTO `blog_images` (`id`, `blog_id`, `image_path`) VALUES
(112, 22, 'img/jljjjjjjjjjjjjjjjjjjjjjjjjjjjjjjj.jpg'),
(113, 22, 'img/jjjjjjjjjjjjjjjjjjjjjjjjjjjjjjjjjjjjjjjjjjjjjjjjjjjv.jpg'),
(114, 22, 'img/jjjjjjjjjjjjjjjjjjjjjjjjjjjjjjjjjjjjjjjjjjjjjjjjjjjjjjjjjj.jpg'),
(115, 22, 'img/jjjjjjjjjjjjjjjjjjjjjjjjjjjjjjjjjjjjjjjjjjjjj.jpg'),
(116, 22, 'img/jjjjjjjjjjjj.jpg'),
(117, 22, 'img/jjjjjj.jpg'),
(118, 22, 'img/jjjj.jpg'),
(119, 22, 'img/jjj.jpg'),
(120, 22, 'img/jj.jpg'),
(121, 22, 'img/j.jpg'),
(122, 23, 'img/12.jpg'),
(123, 23, 'img/14.jpg'),
(124, 23, 'img/15.jpg'),
(125, 23, 'img/b.jpg'),
(126, 23, 'img/bb.jpg'),
(127, 23, 'img/bbb.jpg'),
(128, 23, 'img/bbbb.jpg'),
(129, 23, 'img/bbbbb.jpg'),
(130, 23, 'img/bbbbbbbbbbb.jpg'),
(131, 23, 'img/bbbbbbbbbbbbb.jpg'),
(132, 23, 'img/bbbbbbbbbbbbbb.jpg'),
(133, 23, 'img/bbbbbbbbbbbbbbb.jpg'),
(134, 23, 'img/bbbbbbbbbbbbbbbbb.jpg'),
(135, 23, 'img/bbbbbbbbbbbbbbbbbbbbbb.jpg'),
(136, 23, 'img/bbbbbbbbbbbbbbbbbbbbbbb.jpg'),
(137, 17, 'img/2.jpg'),
(138, 17, 'img/3.jpg'),
(139, 17, 'img/4.jpg'),
(140, 17, 'img/7.jpg'),
(141, 17, 'img/8.jpg'),
(142, 17, 'img/10.jpg'),
(143, 17, 'img/qq.jpg'),
(144, 17, 'img/qqq.jpg'),
(145, 17, 'img/qqqqq.jpg'),
(146, 17, 'img/qqqqqq.jpg'),
(147, 17, 'img/zzzzzzzzzz.jpg'),
(149, 10, 'img/breirut.jpeg'),
(150, 10, 'img/vbvbvbb.jpeg'),
(151, 10, 'img/vvvb.jpeg'),
(152, 10, 'img/bbb.jpeg'),
(153, 10, 'img/mm.jpeg'),
(154, 10, 'img/musem.jpeg'),
(155, 10, 'img/souks.jpeg');

-- --------------------------------------------------------

--
-- Table structure for table `contacts`
--

CREATE TABLE `contacts` (
  `contact_id` int(11) NOT NULL,
  `name` varchar(100) NOT NULL,
  `email` varchar(100) NOT NULL,
  `phone_number` varchar(100) NOT NULL,
  `comment` varchar(500) NOT NULL
) ENGINE=InnoDB DEFAULT CHARSET=utf8mb4;

--
-- Dumping data for table `contacts`
--

INSERT INTO `contacts` (`contact_id`, `name`, `email`, `phone_number`, `comment`) VALUES
(168, 'farah', 'farah.haddar99@hotmail.com', '4213451', 'd'),
(169, 'farah', 'farah.haddar99@hotmail.com', '4213451', 'farah'),
(171, 'sami', 'farah.haddar99@hotmail.com', '03710326', 'thank you for the event it was nice'),
(172, 'farah', 'farah.haddar99@hotmail.com', '4213451', 'gvtft'),
(173, 'farah', 'farah.haddar99@hotmail.com', '4213451', 'hb'),
(174, 'farah', 'farah.haddar99@hotmail.com', '4213451', 'mjjm'),
(175, 'farah', 'farah.haddar99@hotmail.com', '123', 'h'),
(176, 'farah', 'farah.haddar99@hotmail.com', '4213451', 'm'),
(177, 'bl', 'farah.haddar99@hotmail.com', '4213451', 'm'),
(178, 'farahhh', 'farah.haddar99@gmail.com', '4213451', 'kjjnj'),
(179, 'farah', 'farah.haddar99@hotmail.com', '4213451', 'm  m, ,');

-- --------------------------------------------------------

--
-- Table structure for table `events`
--

CREATE TABLE `events` (
  `event_id` int(11) NOT NULL,
  `event_name` varchar(100) NOT NULL,
  `post` longblob NOT NULL,
  `image_path` varchar(255) DEFAULT NULL,
  `date` varchar(100) NOT NULL
) ENGINE=InnoDB DEFAULT CHARSET=utf8mb4;

--
-- Dumping data for table `events`
--

INSERT INTO `events` (`event_id`, `event_name`, `post`, `image_path`, `date`) VALUES
(26, 'Chowen lake', 0x63773d3d, 'img/credit-to-ranim_ghass-open-your-hands-to-nature-10-17-2018-11-04-21-am-m.jpg', '6/1/2021'),
(27, 'Jabal Sanine', 0x5048412b44516f674943416749434167494341674943416749434167494341384c33412b5048412b44516f674943416749434167494341674943416749434167494341384c33412b5048412b44516f674943416749434167494341674943416749434167494341384c33412b504752706469427a64486c735a543069644756346443316862476c6e626a6f6759325675644756794f794169506a7869506a7870506a786d6232353049474e76624739795053496a5a6d59774d444177496a346952585a6c636e6b6762573931626e5268615734676447397749476c7a4948647064476870626942795a57466a614342705a69423562335567616e567a644342725a57567749474e73615731696157356e4c6949384c325a76626e512b50433970506a7776596a34384c325270646a34385a476c3249484e306557786c50534a305a5868304c574673615764754f69426a5a5735305a5849374943492b5047492b50476b2b50475a76626e5167593239736233493949694e6d5a6a41774d444169506b4a68636e4a3549455a70626d7868655477765a6d3975644434384c326b2b50433969506a77765a476c32506a786b6158592b50474a79506a77765a476c32506a786b6158592b54573931626e516755324675626d6c755a534270637942306147556764476870636d516761476c6e6147567a644342775a57467249476c754945786c596d467562323467636d566859326870626d63385a6d39756443426a62327876636a3069497a41774f4441774d43492b50476b2b494449734e6a493462547776615434384c325a76626e512b4947466962335a6c49484e6c595342735a585a6c624342686443427064484d6761476c6e6147567a6443427762326c75644334675358516761584d676247396a5958526c5a43427062694230614755675a5868685933516759325675644756794947396d4945786c596d46756232346762335a6c636d787662327470626d63676447686c4948646f6232786c49474e7664573530636e6b675a6e4a7662534268624777676158527a49484e705a4755755043396b6158592b50475270646a3554595735756157356c49476c7a4948526f5a53427a62335679593255676232596762574675655342335958526c6369427a63484a70626d647a494746755a43426f59584d67595734675a586830636d56745a53426959584e6c4947396d494778706257567a644739755a5334384c325270646a34385a476c32506a7869636a34384c325270646a34385a476c32506c646c494864706247776763335268636e516762335679494752686553427062694242624342446147467261484a766457496759584a6c595342306279423261584e706443424e6157746f59575673494535686157316c346f435a637942745958567a6232786c645730734948526f5a53426d5957317664584d67544756695957356c6332556764334a7064475679494746755a4342776232563049475a7962323067516d467a61326c75644745755043396b6158592b50475270646a3438596e492b5043396b6158592b50475270646a35585a534233615778734948526f5a573467614756685a4342306279424e6233567564434254595735756157356c4948527649484e3059584a30494739316369426f6157746c4948646f61574e6f4948647062477767596d55675a476c326157526c5a434270626e527649485233627942735a585a6c62484d365043396b6158592b50475270646a3438596e492b5043396b6158592b50475270646a354d5a585a6c624341304943306764326c736243427a644746796443426d636d39744948526f5a53427a62335679593255675957356b4948526861325567595342746232526c636d46305a534230636d467062434268624739755a79423061475567593278705a6d59754946526f5a534230636d467062434270626d4e736457526c6379427a6232316c4948567761476c73624342706269423061475567596d566e615735756157356e4947786c59575270626d636764584d67644738675953427759573576636d467461574d676333427664434276646d56796247397661326c755a79426849486476626d526c636d5a3162434232615756334947396d494556734945316c6447346759584a6c59534268626d5167633239745a534232615778735957646c637942765a69424c5a6d466b5a584a69615746754c6942585a534233615778734948526f5a5734675932397564476c7564575567644738676257566c64434230627942306147556763477868644756686453427362324e686447566b49474a6c6448646c5a5734676447686c494731766457353059576c7563794233614756795a53426f6457356b636d566b637942765a69427a61475677614756795a484d67596e4a70626d63676447686c615849676332686c5a58417549455a79623230676447687063794268636d566849486c766453426a595734676332566c49444d324d434232615756334947396d4945786c596d467562323475494556734945316c6447346759584a6c59537767576d4668636d393163697767536d4669595777675a5777675332356c61584e7a5a537767536d4669595777675a5777675132686c6157746f4c434261595768735a534268626d5167536d4669595777675a5777675458706859584975494546736243426a59573467596d55676332566c6269426d636d39744948526f61584d6759584a6c595345384c325270646a34385a476c32506a7869636a34384c325270646a34385a476c32506c646c49486470624777676447686c6269426f5a57466b494852764948526f5a53427459576c75494864686447567949484e7664584a6a5a534230627942795a575a795a584e6f49486470644767676158527a49475a795a584e6f49474e7662475167643246305a5849675957356b4948526f5a573467614746325a5342736457356a6143427062694268494778765932467349476876644756734948527649476868646d5567633239745a53427a5957356b64326c6a6147567a494746755a43427a595778685a484d67596d566d62334a6c4947686c59575270626d6367596d466a61794230627942435a576c79645851755043396b6158592b50475270646a3438596e492b5043396b6158592b50475270646a354d5a585a6c624341334943306764326c736243426f6157746c494746736232356e494745676333526c5a5841676458426f615778734948527959576c734948527649484a6c59574e6f4948526f5a5342775a5746724947396d494531766457353049464e68626d3570626d55676432686c636d55676447686c49455a795a57356a614342796232397449476c7a49477876593246305a575175494539755932556764325567636d5668593267676447686c49484e3162573170644377676432556764326c73624342305957746c4947456764484a6861577767623234676447686c49474e7361575a6d4948527649484a6c59574e6f4945746d59584a6b5a574a70595734754946526f5a534230636d4670624342706379426849474a6c5958563061575a3162434276626d5573494739325a584a73623239726157356e49474673624342765a6942306147556753325a68636d526c596d6c686269417449455a68636d463559534268636d56684c6942585a534233615778734948426863334d67596d5673623363676447686c494531365957467949484e3162573170644377675957356b49474a6c63326c6b5a534230614755676247396a595777676332686c6347686c636d527a4947396d4948526f5a534268636d56684c6a77765a476c32506a786b6158592b50474a79506a77765a476c32506a786b6158592b50475a76626e5167593239736233493949694e6d5a6a41774d444169506c646c4947466b646d6c7a5a53423562335567644738676132566c634342336158526f49486c766453427a6232316c49475a76623251675957356b49474567616d466a613256304947467a4948526f5a5342305a5731775a584a68644856795a5342746157646f6443426b636d39774947527664323467646d56796553427864576c6a613278354c6a77765a6d3975644434384c325270646a34385a476c32506a7869636a34384c325270646a34385a476c32506a7869506c644952564a464f6a7776596a34384c325270646a34385a476c32506a786d6232353049474e76624739795053496a5a6d5a6d5a6a4177496a346755324675626d6c755a53424e623356756443424d5a574a68626d39755043396d62323530506a77765a476c32506a786b6158592b50475a76626e5167593239736233493949694e6d5a6d5a6d4d444169506a49324d6a676762534268596d39325a53427a5a574567624756325a5777384c325a76626e512b5043396b6158592b50475270646a34385a6d39756443426a62327876636a306949325a6d5a6d59774d43492b4e545567613230675a6e4a76625342435a576c79645851384c325a76626e512b5043396b6158592b50475270646a3438596e492b5043396b6158592b50475270646a3438596e492b5043396b6158592b50475270646a3438596e492b5043396b6158592b50475270646a34385a6d39756443426a62327876636a3069497a41774d44426d5a69492b5455564656456c4f527942515445464452546f675043396d62323530506a63364d7a416751553067615734676447686c49484268636d7470626d6367623259675532466e5a584e7a5a534254593268766232776761573467536d526c6157526c614377675a6d466a6157356e4948526f5a53427764574a7361574d675a3246795a4756754c69416f5532566c4947316863434276626a6f676148523063484d364c79393364336375646d467462334d746447396b62334d75593239744c3142685a32567a4c314268636d7470626d644e5958417559584e7765436b384c325270646a34385a476c32506c526f5a584a6c4948647062477767596d556759534269636d566861325a68633351676333527663434268624739755a79423061475567643246354c6a77765a476c32506a786b6158592b50474a79506a77765a476c32506a786b6158592b50476b2b5047492b55464a4a513055364a6d35696333413750433969506a7776615434384c325270646a34385a476c32506a7869506a786d6232353049484e70656d5539496a5569506a59774c4441774d43424d544342775a58496763475679633239754c4477765a6d3975644434384c32492b49476c75593278315a476c755a794230636d467563334276636e51675a3356705a47567a49435a686258413749476c75633356795957356a5a5334384c325270646a34385a476c32506a7869636a34384c325270646a34385a476c32506a786d6232353049474e76624739795053496a4d4441344d444177496a354c6157356b62486b675a3256304948526f5a53426c6547466a6443426a614746755a3255676447386759585a766157516764484a68626e4e74615852306157356e4947646c636d317a4c6a77765a6d3975644434384c325270646a34385a476c32506a786d6232353049474e76624739795053496a4d4441344d444177496a3438596e492b5043396d62323530506a77765a476c32506a786b615859676333523562475539496e526c65485174595778705a32343649474e6c626e526c636a7367496a3438596a34386154354d623239726157356e49475a76636e6468636d5167644738676332566c49486c766453456756573530615777676447686c6269427a6447463549484e685a6d557550433970506a7776596a34384c325270646a34385a476c32506a7869636a34384c325270646a34385a476c32506a786d6232353049474e76624739795053496a5a6d59774d444177496a3438596a3438615435455479424f54315167526b395352305655494652504f6a7776615434384c32492b5043396d62323530506a77765a476c32506a786b6158592b50475a76626e5167593239736233493949694e6d5a6a41774d44416950754b416f6942485a58516765573931636942766432346762476c6e61485167633235685932736764476868644342336157787349474a7662334e3049486c76645849676333526862576c7559534268626d51676132566c63434235623355675a57356c636d646c64476c6a4c6a77765a6d3975644434384c325270646a34385a476c32506a786d6232353049474e76624739795053496a5a6d59774d444177496a3769674b4967525846316158416765573931636e4e6c6247596764326c30614342356233567949473933626942335958526c63694269623352306247567a4947456759324677494746755a43427a6457357a59334a6c5a5734755043396d62323530506a77765a476c32506a786b6158592b50475a76626e5167593239736233493949694e6d5a6a41774d44416950754b416f6942535a57316c62574a6c63694230627942795a5764706333526c636942686379427a623239754947467a4948427663334e70596d786c4948527649474a7662327367655739316369427a6347466a5a5334675632556759324675346f435a6443426c65474e6c5a5751675953426e636d3931634342765a6941784e534230627941794d4342775a584a7a6232357a4947316865476c74645730755043396d62323530506a77765a476c32506a786b6158592b50475a76626e5167593239736233493949694e6d5a6a41774d44416950754b416f69424561584e305957356a6157356e49475a79623230675a57466a614342766447686c636942706379426849473131633351734947396d5a6d56796157356e4947397949484e6f59584a70626d6367633235685932747a494746795a534275623351675a57356a623356795957646c5a4334675332566c6343426849486470626d5277636d39765a69427159574e725a58516761573467655739316369426959574e726347466a617934384c325a76626e512b5043396b6158592b50475270646a3438596e492b5043396b6158592b50475270646a3438596a34386154355853454655494652504945644656446f384c326b2b4a6d35696333413750433969506a77765a476c32506a786b6158592b50474a79506a77765a476c32506a786b6158592b5457566b61574e686243426d59574e6c494731686332747a4c4342495957356b5a3256734c4342736457356a6143776762476c6e61485167633235685932747a4948526f5958516764326c73624342696232397a644342316343423562335679494756755a584a6e6553427a64574e6f4947467a494752796157566b49475a7964576c3063797767643246305a58497349474e6863437767633356755a32786863334e6c63794268626d51676333567563324e795a5756754c6942585a57467949474e7662575a76636e5268596d786c49484e6f6232567a49484e315932676759584d6761476c726157356e49484e6f6232567a494746755a4342686248646865584d676132566c6343426849486470626d5277636d39765a69427159574e725a58516761573467655739316369426959574e726347466a617934384c325270646a34385a476c32506a7869636a34384c325270646a34385a476c32506a7869506a7870506c4e5152554e4a51557767556b465552564d3650433970506a7776596a34384c325270646a34385a476c325069306751326870624752795a57346764326c3061434230614755675957646c4947396d49444577494746755a434235623356755a3256794948647062477767614746325a5342684947527063324e76645735304947396d49444977346f435a4d44417749457843554477765a476c32506a786b6158592b4c53424461476c735a484a6c626938675647566c626d466e5a584a7a49474a6c6448646c5a5734676447686c4947466e5a5342765a6941784d534268626d51674d54676764326c736243426f59585a6c494745675a476c7a59323931626e5167623259674d545869674a6b774d44416754454a515043396b6158592b50475270646a34744946567561585a6c636e4e7064486b67633352315a47567564484d6764326c736243426f59585a6c494745675a476c7a59323931626e5167623259674d544469674a6b774d44416754454a514948427962335a705a47566b4948526f595851676447686c65534277636d567a5a5735304948526f5a576c794948567561585a6c636e4e7064486b67593246795a4477765a476c32506a786b6158592b4c534248636d393163484d6764326c30614341314948527649446b6763475679633239756379776764326c306143426b61575a6d5a584a6c626e516759334a70644756796157456764476868626942306147556759574a76646d557349486470624777675a325630494745674e654b416d5441774d43424d516c41675a476c7a59323931626e51384c325270646a34385a476c325069306752334a766458427a49486470644767674d54416762334967625739795a5342775a584a7a6232357a4c4342336158526f494752705a6d5a6c636d56756443426a636d6c305a584a7059534230614746754948526f5a534268596d39325a53776764326c736243426e5a585167595341784d4f4b416d5441774d43424d516c41675a476c7a59323931626e51384c325270646a34385a476c32506a7869636a34384c325270646a34385a476c32506a7869506a7870506c424257553146546c51675645565354564d3650433970506a7776596a34384c325270646a34385a476c32506930675132467559325673624746306157397549486470644767676247567a6379423061474675494449304947687664584a7a346f435a4947357664476c6a5a5342336157787349474a6c49474e6f59584a6e5a575167614746735a693177636d6c6a5a5477765a476c32506a786b6158592b4c5342535a584e6c636e5a6864476c76626e4d6764326c30614342735a584e7a4948526f595734674d6a516761473931636e5069674a6b67626d393061574e6c4948647062477767596d556759326868636d646c5a4342686269426c6548527959534131346f435a4d44417749457843554477765a476c32506a786b6158592b4b4755755a793467513246755932567362476c755a79427663694269623239726157356e49475a766369426849464e31626d526865654b416d584d675a585a6c626e5167623234675532463064584a6b59586b6764326c73624342695a53427a64574a715a574e30494852764948526f5a534268596d39325a5342305a584a7463796b384c325270646a34385a476c32506a7869636a34384c325270646a34385a476c32506a7869506a7870506b56545530564f56456c4254434246513039555431565353564e5553554d67556c564d52564d674a6d467463447367556b56485655784256456c50546c4d384c326b2b50433969506a77765a476c32506a786b6158592b4c534254625739726157356e49476c7a49484e30636d6c6a644778354948427962326870596d6c305a5751675a4856796157356e4948526f5a53426c646d5675644477765a476c32506a786b6158592b4c5342426248646865584d675a6d3973624739334948526f5a53426e64576c6b5a53427662694230614755675a47567a615764755958526c5a434230636d4670624477765a476c32506a786b6158592b4c53424562794275623351675a32386762325a6d49484a765957516764326c306147393164434275623352705a6e6c70626d63676447686c494764316157526c5043396b6158592b50475270646a347449455276494735766443426e5a5851675932787663325567644738675953426a62476c6d5a69426c6333426c59326c68624778354948646f5a5734676447686c494764316157526c49476c7549474e6f59584a6e5a5342305a5778736379423562335567626d3930494852764947527649484e765043396b6158592b50475270646a347449454673644768766457646f4947466a59326c6b5a57353063794268636d5567593239325a584a6c5a43426965534230614755676157357a64584a68626d4e6c49474a31644342306147563549484a6c6257467062694231626d526c6369423061475567636d567a6347397563326c696157787064486b67623259676447686c4947316c62574a6c636a77765a476c32506a786b6158592b4c5342546232316c64476c745a584d73494752315a534230627942795a57467a6232357a49474a6c655739755a434276645849675932397564484a7662437767633278705a326830494731765a476c6d61574e6864476c76626e4d67644738676447686c494842796232647959573067625746354947396a593356794c694246593239306233567961584e7449484a316247567a4947313163335167596d55675a6d3973624739335a575173494739306147567964326c7a5a5342775a584a7a623235686243426859324e705a47567564484d6764326c736243427562335167596d556759574e6a623356756447566b49475a766369426965534230614755676157357a64584a68626d4e6c4c6a77765a476c32506a786b6158592b50474a79506a77765a476c32506a786b6158592b5047456761484a6c5a6a30696148523063446f764c327876593246736147397a64446f344d4441774c32526c633049756347687750324e68636d51394d6a4969506c4a6c59575167625739795a534268596d3931644342306147556763477868593255384c32452b5043396b6158592b4943416749434167494341674943416749434167494341675048412b5043397750694167494341674943416749434167494341674943416749447877506a777663443467494341674943416749434167494341674943416749434138634434384c33412b, 'img/jjjjjjjjjjjjjjjjjjjjjjjjjjjjjjjjjjjjjjjjjjjjjjjjjjjjjjjjjj.jpg', '8/1/2021'),
(28, 'Kafar Solwen', 0x5048412b44516f674943416749434167494341674943416749434167494342714943416749434167494341674943416749434167494341675043397750673d3d, 'img/.jpg', '29/12/2020'),
(29, 'Maaser Al shouf', 0x65413d3d, 'img/9.jpg', '15/12/2020'),
(30, 'Harat Al Janadel', 0x5a413d3d, 'img/2.jpg', '9/12/2020'),
(31, 'Faloga', 0x5048412b44516f6749434167494341674943416749434167494341674943426c4943416749434167494341674943416749434167494341675043397750673d3d, 'img/rrrrrrrrrr.jpg', '11/11/2020'),
(32, 'Al Barook ', 0x5048412b44516f674943416749434167494341674943416749434167494341784943416749434167494341674943416749434167494341675043397750673d3d, 'img/zzzzzzzzzz.jpg', '17/12/2020'),
(33, 'Baadarn Al Chouf', 0x5a673d3d, 'img/13.jpg', '18/2/2020'),
(34, 'Al Mokhtara', 0x64673d3d, 'img/1.jpg', '20/7/2020');

-- --------------------------------------------------------

--
-- Table structure for table `event_images`
--

CREATE TABLE `event_images` (
  `image_id` int(11) NOT NULL,
  `event_id` int(11) DEFAULT NULL,
  `image_name` varchar(255) DEFAULT NULL
) ENGINE=InnoDB DEFAULT CHARSET=utf8mb4;

--
-- Dumping data for table `event_images`
--

INSERT INTO `event_images` (`image_id`, `event_id`, `image_name`) VALUES
(115, 26, 'img/learn-to-appreciate-what-you-have-before-time-m-6-8-2018-4-24-32-pm-m.jpg'),
(116, 26, 'img/credit-to-ranim_ghass-open-your-hands-to-nature-10-17-2018-11-04-21-am-m.jpg'),
(117, 26, 'img/credit-to-mhdibrahim89-nature_beauty-amazing-ri-8-25-2017-1-00-46-am-m.jpg'),
(118, 26, 'img/chowen-river-nature-beautiful-river-forest-chou-8-24-2017-6-58-53-pm-m.jpg'),
(129, 28, 'img/22.jpg'),
(130, 28, 'img/9.jpg'),
(131, 28, 'img/8.jpg'),
(132, 28, 'img/7.jpg'),
(133, 28, 'img/6.jpg'),
(134, 28, 'img/5.jpg'),
(135, 28, 'img/4.jpg'),
(136, 28, 'img/3.jpg'),
(137, 28, 'img/.jpg'),
(138, 29, 'img/9.jpg'),
(139, 29, 'img/8.jpg'),
(140, 29, 'img/7.jpg'),
(141, 29, 'img/6.jpg'),
(142, 29, 'img/5.jpg'),
(143, 29, 'img/4.jpg'),
(144, 29, 'img/3.jpg'),
(145, 29, 'img/2.jpg'),
(146, 29, 'img/1.jpg'),
(147, 30, 'img/3.jpg'),
(148, 30, 'img/2.jpg'),
(149, 30, 'img/1.jpg'),
(150, 31, 'img/4.jpg'),
(151, 31, 'img/3.jpg'),
(152, 31, 'img/2.jpg'),
(154, 33, 'img/6.jpg'),
(155, 27, 'img/j.jpg'),
(156, 27, 'img/jj.jpg'),
(157, 27, 'img/jjj.jpg'),
(158, 27, 'img/jjjj.jpg'),
(159, 27, 'img/jjjjjj.jpg'),
(160, 27, 'img/jjjjjjjjjjjj.jpg'),
(162, 27, 'img/jjjjjjjjjjjjjjjjjjjjjjjjjjjjjjjjjjjjjjjjjjjjjjjjjjjjjjjjjj.jpg'),
(163, 27, 'img/jjjjjjjjjjjjjjjjjjjjjjjjjjjjjjjjjjjjjjjjjjjjjjjjjjjv.jpg'),
(164, 27, 'img/jljjjjjjjjjjjjjjjjjjjjjjjjjjjjjjj.jpg');

-- --------------------------------------------------------

--
-- Table structure for table `event_regestrations`
--

CREATE TABLE `event_regestrations` (
  `id` int(11) NOT NULL,
  `full_name` varchar(100) NOT NULL,
  `gender` varchar(10) NOT NULL,
  `email` varchar(40) NOT NULL,
  `phone_nb` int(11) NOT NULL,
  `age` int(11) NOT NULL,
  `event_id` int(11) NOT NULL
) ENGINE=InnoDB DEFAULT CHARSET=utf8mb4 ROW_FORMAT=COMPACT;

--
-- Indexes for dumped tables
--

--
-- Indexes for table `activities`
--
ALTER TABLE `activities`
  ADD PRIMARY KEY (`activity_id`),
  ADD KEY `blog_id` (`blog_id`);

--
-- Indexes for table `admins`
--
ALTER TABLE `admins`
  ADD PRIMARY KEY (`admin_id`);

--
-- Indexes for table `blogs`
--
ALTER TABLE `blogs`
  ADD PRIMARY KEY (`blog_id`);

--
-- Indexes for table `blog_images`
--
ALTER TABLE `blog_images`
  ADD PRIMARY KEY (`id`),
  ADD KEY `blog_id` (`blog_id`);

--
-- Indexes for table `contacts`
--
ALTER TABLE `contacts`
  ADD PRIMARY KEY (`contact_id`);

--
-- Indexes for table `events`
--
ALTER TABLE `events`
  ADD PRIMARY KEY (`event_id`);

--
-- Indexes for table `event_images`
--
ALTER TABLE `event_images`
  ADD PRIMARY KEY (`image_id`),
  ADD KEY `event_id` (`event_id`);

--
-- Indexes for table `event_regestrations`
--
ALTER TABLE `event_regestrations`
  ADD PRIMARY KEY (`id`),
  ADD KEY `event_id` (`event_id`);

--
-- AUTO_INCREMENT for dumped tables
--

--
-- AUTO_INCREMENT for table `activities`
--
ALTER TABLE `activities`
  MODIFY `activity_id` int(11) NOT NULL AUTO_INCREMENT, AUTO_INCREMENT=121;

--
-- AUTO_INCREMENT for table `admins`
--
ALTER TABLE `admins`
  MODIFY `admin_id` int(11) NOT NULL AUTO_INCREMENT, AUTO_INCREMENT=2;

--
-- AUTO_INCREMENT for table `blogs`
--
ALTER TABLE `blogs`
  MODIFY `blog_id` int(11) NOT NULL AUTO_INCREMENT, AUTO_INCREMENT=24;

--
-- AUTO_INCREMENT for table `blog_images`
--
ALTER TABLE `blog_images`
  MODIFY `id` int(11) NOT NULL AUTO_INCREMENT, AUTO_INCREMENT=156;

--
-- AUTO_INCREMENT for table `contacts`
--
ALTER TABLE `contacts`
  MODIFY `contact_id` int(11) NOT NULL AUTO_INCREMENT, AUTO_INCREMENT=180;

--
-- AUTO_INCREMENT for table `events`
--
ALTER TABLE `events`
  MODIFY `event_id` int(11) NOT NULL AUTO_INCREMENT, AUTO_INCREMENT=35;

--
-- AUTO_INCREMENT for table `event_images`
--
ALTER TABLE `event_images`
  MODIFY `image_id` int(11) NOT NULL AUTO_INCREMENT, AUTO_INCREMENT=165;

--
-- AUTO_INCREMENT for table `event_regestrations`
--
ALTER TABLE `event_regestrations`
  MODIFY `id` int(11) NOT NULL AUTO_INCREMENT, AUTO_INCREMENT=17;

--
-- Constraints for dumped tables
--

--
-- Constraints for table `activities`
--
ALTER TABLE `activities`
  ADD CONSTRAINT `activities_ibfk_1` FOREIGN KEY (`blog_id`) REFERENCES `blogs` (`blog_id`) ON DELETE CASCADE ON UPDATE CASCADE;

--
-- Constraints for table `blog_images`
--
ALTER TABLE `blog_images`
  ADD CONSTRAINT `blog_images_ibfk_1` FOREIGN KEY (`blog_id`) REFERENCES `blogs` (`blog_id`) ON DELETE CASCADE ON UPDATE CASCADE;

--
-- Constraints for table `event_images`
--
ALTER TABLE `event_images`
  ADD CONSTRAINT `event_images_ibfk_1` FOREIGN KEY (`event_id`) REFERENCES `events` (`event_id`);

--
-- Constraints for table `event_regestrations`
--
ALTER TABLE `event_regestrations`
  ADD CONSTRAINT `event_regestrations_ibfk_1` FOREIGN KEY (`event_id`) REFERENCES `events` (`event_id`);
COMMIT;

/*!40101 SET CHARACTER_SET_CLIENT=@OLD_CHARACTER_SET_CLIENT */;
/*!40101 SET CHARACTER_SET_RESULTS=@OLD_CHARACTER_SET_RESULTS */;
/*!40101 SET COLLATION_CONNECTION=@OLD_COLLATION_CONNECTION */;
